Model,best_params,Bias,Variance,Train Accuracy,Test Accuracy,Train Precision,Test Precision,Train Recall,Test Recall,Train F2-Score,Test F2-Score
Decision Tree,"{'criterion': 'gini', 'max_depth': 5, 'min_samples_leaf': 5, 'min_samples_split': 15, 'splitter': 'random'}",0.40019347685872547,0.0017403623193085818,0.7574334898278561,0.76875,0.6296296296296297,0.6290322580645161,0.6445497630331753,0.7358490566037735,0.6415094339622641,0.7116788321167883
Logistic Regression,"{'C': 0.0001, 'penalty': 'l2', 'solver': 'newton-cg'}",0.5196452218274397,0.0014597877577568119,0.7621283255086072,0.78125,0.7092198581560284,0.7142857142857143,0.47393364928909953,0.5660377358490566,0.5076142131979696,0.5905511811023622
SVM,"{'C': 0.01, 'gamma': 1e-10, 'kernel': 'linear'}",0.43744021910703035,0.0014107149464257097,0.7699530516431925,0.76875,0.6882352941176471,0.6666666666666666,0.5545023696682464,0.6037735849056604,0.576923076923077,0.6153846153846153
Random Forest,"{'bootstrap': True, 'max_depth': None, 'min_samples_leaf': 2, 'min_samples_split': 2, 'n_estimators': 10}",0.4103639443017403,0.0006217998889681477,0.9014084507042254,0.76875,0.9065934065934066,0.6818181818181818,0.7819905213270142,0.5660377358490566,0.8040935672514619,0.5859375
Gaussian Mixtures,"{'covariance_type': 'diag', 'n_components': 1}",0.27627826111892306,0.0007286897497769166,0.7198748043818466,0.70625,0.5547945205479452,0.5394736842105263,0.7677725118483413,0.7735849056603774,0.7130281690140846,0.7118055555555557
Extra Tree,"{'bootstrap': False, 'max_depth': 5, 'min_samples_leaf': 1, 'min_samples_split': 2, 'n_estimators': 10}",0.5302489694606529,0.003298701069990881,0.7809076682316118,0.7875,0.7983193277310925,0.7714285714285715,0.45023696682464454,0.5094339622641509,0.49325025960539975,0.5465587044534412
